{
  "data_list": [
    {
      "id": 1655977224390754216,
      "name": "EVENT_838_Minigame_Story_Main_Stage01",
      "event_content_id": 1655977224289916475,
      "stage_difficulty": 32511356,
      "stage_difficulty_localize": 1893660815,
      "stage_number": 32511356,
      "stage_display": 32511356,
      "prev_stage_id": 0,
      "echelon_extension_type": 0,
      "battle_duration": 1655977224290085469,
      "stage_enter_cost_type": 32511353,
      "stage_enter_cost_id": 1655977224289988415,
      "stage_enter_cost_amount": 32511257,
      "event_content_stage_reward_id": 1655977224390754216,
      "enter_scenario_group_id": [
        1655977224281077471
      ],
      "clear_scenario_group_id": [],
      "stage_topography": 32511356,
      "recommand_level": 32511346,
      "ground_id": 1655977225063332072,
      "content_type": 32511345,
      "star_goal": [
        32511359,
        32511352,
        32511356
      ],
      "star_goal_amount": [
        32511356,
        32511359,
        32511356
      ],
      "defense_formation_bg_prefab": "Minigame/Defense/ArtLevel/ArtLevelPrefab/db_02_beachstage_01",
      "defense_formation_bg_prefab_scale": 325.11356,
      "fixed_echelon": 1655977225063332072,
      "mininage_defense_fixed_stat_id": 0,
      "stage_hint": 0
    },
    {
      "id": 1655977224390754219,
      "name": "EVENT_838_Minigame_Story_Main_Stage02",
      "event_content_id": 1655977224289916475,
      "stage_difficulty": 32511356,
      "stage_difficulty_localize": 1893660815,
      "stage_number": 32511359,
      "stage_display": 32511359,
      "prev_stage_id": 1655977224390754216,
      "echelon_extension_type": 0,
      "battle_duration": 1655977224290085469,
      "stage_enter_cost_type": 32511353,
      "stage_enter_cost_id": 1655977224289988415,
      "stage_enter_cost_amount": 32511257,
      "event_content_stage_reward_id": 1655977224390754219,
      "enter_scenario_group_id": [
        1655977224281077457
      ],
      "clear_scenario_group_id": [],
      "stage_topography": 32511356,
      "recommand_level": 32511340,
      "ground_id": 1655977225063331972,
      "content_type": 32511345,
      "star_goal": [
        32511359,
        32511352,
        32511356
      ],
      "star_goal_amount": [
        32511356,
        32511359,
        32511356
      ],
      "defense_formation_bg_prefab": "Minigame/Defense/ArtLevel/ArtLevelPrefab/db_02_beachstage_02",
      "defense_formation_bg_prefab_scale": 325.11356,
      "fixed_echelon": 1655977225063331972,
      "mininage_defense_fixed_stat_id": 0,
      "stage_hint": 0
    },
    {
      "id": 1655977224390754218,
      "name": "EVENT_838_Minigame_Story_Main_Stage03",
      "event_content_id": 1655977224289916475,
      "stage_difficulty": 32511356,
      "stage_difficulty_localize": 1893660815,
      "stage_number": 32511358,
      "stage_display": 32511358,
      "prev_stage_id": 1655977224390754219,
      "echelon_extension_type": 0,
      "battle_duration": 1655977224290085469,
      "stage_enter_cost_type": 32511353,
      "stage_enter_cost_id": 1655977224289988415,
      "stage_enter_cost_amount": 32511257,
      "event_content_stage_reward_id": 1655977224390754218,
      "enter_scenario_group_id": [
        1655977224281077451
      ],
      "clear_scenario_group_id": [
        1655977224281077437
      ],
      "stage_topography": 32511356,
      "recommand_level": 32511337,
      "ground_id": 1655977225063332640,
      "content_type": 32511345,
      "star_goal": [
        32511359,
        32511352,
        32511356
      ],
      "star_goal_amount": [
        32511356,
        32511359,
        32511356
      ],
      "defense_formation_bg_prefab": "Minigame/Defense/ArtLevel/ArtLevelPrefab/db_02_beachstage_03",
      "defense_formation_bg_prefab_scale": 325.11356,
      "fixed_echelon": 1655977225063332640,
      "mininage_defense_fixed_stat_id": 0,
      "stage_hint": 0
    },
    {
      "id": 1655977224390753860,
      "name": "EVENT_838_Minigame_Normal_Main_Stage01",
      "event_content_id": 1655977224289916475,
      "stage_difficulty": 32511359,
      "stage_difficulty_localize": 3740144705,
      "stage_number": 32511356,
      "stage_display": 32511356,
      "prev_stage_id": 1655977224390754218,
      "echelon_extension_type": 0,
      "battle_duration": 1655977224290085469,
      "stage_enter_cost_type": 32511353,
      "stage_enter_cost_id": 1655977224289988415,
      "stage_enter_cost_amount": 32511213,
      "event_content_stage_reward_id": 1655977224390753860,
      "enter_scenario_group_id": [],
      "clear_scenario_group_id": [],
      "stage_topography": 32511356,
      "recommand_level": 32511338,
      "ground_id": 1655977225063334360,
      "content_type": 32511354,
      "star_goal": [
        32511359,
        32511352,
        32511356
      ],
      "star_goal_amount": [
        32511356,
        32511353,
        32511356
      ],
      "defense_formation_bg_prefab": "Minigame/Defense/ArtLevel/ArtLevelPrefab/db_02_beachstage_04",
      "defense_formation_bg_prefab_scale": 0,
      "fixed_echelon": 0,
      "mininage_defense_fixed_stat_id": 0,
      "stage_hint": 3736461046
    },
    {
      "id": 1655977224390753863,
      "name": "EVENT_838_Minigame_Normal_Main_Stage02",
      "event_content_id": 1655977224289916475,
      "stage_difficulty": 32511359,
      "stage_difficulty_localize": 3740144705,
      "stage_number": 32511359,
      "stage_display": 32511359,
      "prev_stage_id": 1655977224390753860,
      "echelon_extension_type": 0,
      "battle_duration": 1655977224290085469,
      "stage_enter_cost_type": 32511353,
      "stage_enter_cost_id": 1655977224289988415,
      "stage_enter_cost_amount": 32511213,
      "event_content_stage_reward_id": 1655977224390753863,
      "enter_scenario_group_id": [],
      "clear_scenario_group_id": [],
      "stage_topography": 32511356,
      "recommand_level": 32511338,
      "ground_id": 1655977225063334004,
      "content_type": 32511354,
      "star_goal": [
        32511359,
        32511352,
        32511356
      ],
      "star_goal_amount": [
        32511356,
        32511353,
        32511356
      ],
      "defense_formation_bg_prefab": "Minigame/Defense/ArtLevel/ArtLevelPrefab/db_02_beachstage_05",
      "defense_formation_bg_prefab_scale": 0,
      "fixed_echelon": 0,
      "mininage_defense_fixed_stat_id": 0,
      "stage_hint": 3535226151
    },
    {
      "id": 1655977224390753862,
      "name": "EVENT_838_Minigame_Normal_Main_Stage03",
      "event_content_id": 1655977224289916475,
      "stage_difficulty": 32511359,
      "stage_difficulty_localize": 3740144705,
      "stage_number": 32511358,
      "stage_display": 32511358,
      "prev_stage_id": 1655977224390753863,
      "echelon_extension_type": 0,
      "battle_duration": 1655977224290085469,
      "stage_enter_cost_type": 32511353,
      "stage_enter_cost_id": 1655977224289988415,
      "stage_enter_cost_amount": 32511213,
      "event_content_stage_reward_id": 1655977224390753862,
      "enter_scenario_group_id": [],
      "clear_scenario_group_id": [],
      "stage_topography": 32511356,
      "recommand_level": 32511312,
      "ground_id": 1655977225063333904,
      "content_type": 32511354,
      "star_goal": [
        32511359,
        32511352,
        32511356
      ],
      "star_goal_amount": [
        32511356,
        32511353,
        32511356
      ],
      "defense_formation_bg_prefab": "Minigame/Defense/ArtLevel/ArtLevelPrefab/db_02_beachstage_06",
      "defense_formation_bg_prefab_scale": 0,
      "fixed_echelon": 0,
      "mininage_defense_fixed_stat_id": 0,
      "stage_hint": 2884665732
    },
    {
      "id": 1655977224390753857,
      "name": "EVENT_838_Minigame_Normal_Main_Stage04",
      "event_content_id": 1655977224289916475,
      "stage_difficulty": 32511359,
      "stage_difficulty_localize": 3740144705,
      "stage_number": 32511353,
      "stage_display": 32511353,